{"action_mean":0.8401046991348267,"reward_mean":-1.556435465812683,"step":373,"_timestamp":1.7432335901666045e+09,"_runtime":1648.742814623,"_step":372,"_wandb":{"runtime":1649}}