{"_step":49,"action_mean":0,"_wandb":{"runtime":255},"reward_mean":-1.4869825839996338,"step":50,"_timestamp":1.743229547691009e+09,"_runtime":255.537376977}